path,doctor_labels,real_labels
TLO_folding/fold_20/train/control/subject 03/spiral/1_subject 03_1_0.png,unknown,control
TLO_folding/fold_20/train/control/subject 03/spiral/1_subject 03_2_0.png,unknown,control
TLO_folding/fold_20/train/control/subject 03/spiral/1_subject 03_4_0.png,control,control
TLO_folding/fold_20/train/control/subject 03/spiral/1_subject 03_3_0.png,control,control
TLO_folding/fold_20/train/control/subject 02/spiral/1_subject 02_1_0.png,unknown,control
TLO_folding/fold_20/train/control/subject 02/spiral/1_subject 02_2_0.png,unknown,control
TLO_folding/fold_20/train/control/subject 02/spiral/1_subject 02_3_0.png,unknown,control
TLO_folding/fold_20/train/control/subject 02/spiral/1_subject 02_4_0.png,unknown,control
TLO_folding/fold_20/train/control/subject 04/spiral/1_subject 04_2_0.png,unknown,control
TLO_folding/fold_20/train/control/subject 04/spiral/1_subject 04_1_0.png,unknown,control
TLO_folding/fold_20/train/control/subject 04/spiral/1_subject 04_3_0.png,unknown,control
TLO_folding/fold_20/train/control/subject 04/spiral/1_subject 04_4_0.png,unknown,control
TLO_folding/fold_20/train/control/subject 06/spiral/1_subject 06_1_0.png,unknown,control
TLO_folding/fold_20/train/control/subject 06/spiral/1_subject 06_2_0.png,unknown,control
TLO_folding/fold_20/train/control/subject 01/spiral/1_subject 01_1_0.png,control,control
TLO_folding/fold_20/train/control/subject 01/spiral/1_subject 01_2_0.png,control,control
TLO_folding/fold_20/train/control/subject 01/spiral/1_subject 01_3_0.png,control,control
TLO_folding/fold_20/train/control/subject 01/spiral/1_subject 01_4_0.png,control,control
TLO_folding/fold_20/train/control/subject 17/spiral/1_subject 17_2_0.png,control,control
TLO_folding/fold_20/train/control/subject 17/spiral/1_subject 17_1_0.png,control,control
TLO_folding/fold_20/train/control/subject 17/spiral/1_subject 17_4_0.png,unknown,control
TLO_folding/fold_20/train/control/subject 17/spiral/1_subject 17_3_0.png,control,control
TLO_folding/fold_20/train/control/subject 18/spiral/1_subject 18_2_0.png,control,control
TLO_folding/fold_20/train/control/subject 18/spiral/1_subject 18_1_0.png,control,control
TLO_folding/fold_20/train/control/subject 18/spiral/1_subject 18_3_0.png,control,control
TLO_folding/fold_20/train/control/subject 18/spiral/1_subject 18_4_0.png,control,control
TLO_folding/fold_20/train/control/subject 21/spiral/1_subject 21_1_0.png,control,control
TLO_folding/fold_20/train/control/subject 21/spiral/1_subject 21_3_0.png,control,control
TLO_folding/fold_20/train/control/subject 21/spiral/1_subject 21_2_0.png,control,control
TLO_folding/fold_20/train/control/subject 34/spiral/1_subject 34_3_0.png,control,control
TLO_folding/fold_20/train/control/subject 34/spiral/1_subject 34_1_0.png,unknown,control
TLO_folding/fold_20/train/control/subject 34/spiral/1_subject 34_2_0.png,unknown,control
TLO_folding/fold_20/train/control/subject 30/spiral/1_subject 30_1_0.png,control,control
TLO_folding/fold_20/train/control/subject 30/spiral/1_subject 30_3_0.png,control,control
TLO_folding/fold_20/train/control/subject 30/spiral/1_subject 30_2_0.png,control,control
TLO_folding/fold_20/train/control/subject 30/spiral/1_subject 30_4_0.png,control,control
TLO_folding/fold_20/train/control/subject 32/spiral/1_subject 32_1_0.png,control,control
TLO_folding/fold_20/train/control/subject 28/spiral/1_subject 28_2_0.png,control,control
TLO_folding/fold_20/train/control/subject 28/spiral/1_subject 28_1_0.png,unknown,control
TLO_folding/fold_20/train/control/subject 28/spiral/1_subject 28_3_0.png,unknown,control
TLO_folding/fold_20/train/control/subject 28/spiral/1_subject 28_4_0.png,unknown,control
TLO_folding/fold_20/train/control/subject 37/spiral/1_subject 37_1_0.png,control,control
TLO_folding/fold_20/train/control/subject 37/spiral/1_subject 37_3_0.png,unknown,control
TLO_folding/fold_20/train/control/subject 37/spiral/1_subject 37_2_0.png,control,control
TLO_folding/fold_20/train/control/subject 37/spiral/1_subject 37_4_0.png,unknown,control
TLO_folding/fold_20/train/control/subject 36/spiral/1_subject 36_2_0.png,unknown,control
TLO_folding/fold_20/train/control/subject 36/spiral/1_subject 36_1_0.png,unknown,control
TLO_folding/fold_20/train/control/subject 36/spiral/1_subject 36_3_0.png,control,control
TLO_folding/fold_20/train/parkinson/subject 06/spiral/1_subject 06_2_1.png,unknown,parkinson
TLO_folding/fold_20/train/parkinson/subject 06/spiral/1_subject 06_1_1.png,unknown,parkinson
TLO_folding/fold_20/train/parkinson/subject 07/spiral/1_subject 07_2_1.png,unknown,parkinson
TLO_folding/fold_20/train/parkinson/subject 07/spiral/1_subject 07_4_1.png,unknown,parkinson
TLO_folding/fold_20/train/parkinson/subject 07/spiral/1_subject 07_3_1.png,unknown,parkinson
TLO_folding/fold_20/train/parkinson/subject 07/spiral/1_subject 07_1_1.png,unknown,parkinson
TLO_folding/fold_20/train/parkinson/subject 09/spiral/1_subject 09_1_1.png,unknown,parkinson
TLO_folding/fold_20/train/parkinson/subject 16/spiral/1_subject 16_1_1.png,unknown,parkinson
TLO_folding/fold_20/train/parkinson/subject 16/spiral/1_subject 16_4_1.png,unknown,parkinson
TLO_folding/fold_20/train/parkinson/subject 16/spiral/1_subject 16_3_1.png,unknown,parkinson
TLO_folding/fold_20/train/parkinson/subject 16/spiral/1_subject 16_2_1.png,unknown,parkinson
TLO_folding/fold_20/train/parkinson/subject 13/spiral/1_subject 13_2_1.png,unknown,parkinson
TLO_folding/fold_20/train/parkinson/subject 13/spiral/1_subject 13_3_1.png,unknown,parkinson
TLO_folding/fold_20/train/parkinson/subject 13/spiral/1_subject 13_1_1.png,unknown,parkinson
TLO_folding/fold_20/train/parkinson/subject 13/spiral/1_subject 13_4_1.png,unknown,parkinson
TLO_folding/fold_20/train/parkinson/subject 15/spiral/1_subject 15_2_1.png,unknown,parkinson
TLO_folding/fold_20/train/parkinson/subject 15/spiral/1_subject 15_1_1.png,unknown,parkinson
TLO_folding/fold_20/train/parkinson/subject 15/spiral/1_subject 15_3_1.png,unknown,parkinson
TLO_folding/fold_20/train/parkinson/subject 15/spiral/1_subject 15_4_1.png,unknown,parkinson
TLO_folding/fold_20/train/parkinson/subject 14/spiral/1_subject 14_2_1.png,unknown,parkinson
TLO_folding/fold_20/train/parkinson/subject 14/spiral/1_subject 14_1_1.png,unknown,parkinson
TLO_folding/fold_20/train/parkinson/subject 17/spiral/1_subject 17_1_1.png,unknown,parkinson
TLO_folding/fold_20/train/parkinson/subject 17/spiral/1_subject 17_3_1.png,unknown,parkinson
TLO_folding/fold_20/train/parkinson/subject 17/spiral/1_subject 17_2_1.png,unknown,parkinson
TLO_folding/fold_20/train/parkinson/subject 17/spiral/1_subject 17_4_1.png,unknown,parkinson
TLO_folding/fold_20/train/parkinson/subject 18/spiral/1_subject 18_1_1.png,parkinson,parkinson
TLO_folding/fold_20/train/parkinson/subject 18/spiral/1_subject 18_2_1.png,parkinson,parkinson
TLO_folding/fold_20/train/parkinson/subject 18/spiral/1_subject 18_4_1.png,parkinson,parkinson
TLO_folding/fold_20/train/parkinson/subject 18/spiral/1_subject 18_3_1.png,parkinson,parkinson
TLO_folding/fold_20/train/parkinson/subject 21/spiral/1_subject 21_1_1.png,unknown,parkinson
TLO_folding/fold_20/train/parkinson/subject 21/spiral/1_subject 21_2_1.png,unknown,parkinson
TLO_folding/fold_20/train/parkinson/subject 21/spiral/1_subject 21_3_1.png,unknown,parkinson
TLO_folding/fold_20/train/parkinson/subject 21/spiral/1_subject 21_4_1.png,unknown,parkinson
TLO_folding/fold_20/train/parkinson/subject 28/spiral/1_subject 28_1_1.png,unknown,parkinson
TLO_folding/fold_20/train/parkinson/subject 28/spiral/1_subject 28_2_1.png,unknown,parkinson
TLO_folding/fold_20/train/parkinson/subject 28/spiral/1_subject 28_3_1.png,unknown,parkinson
TLO_folding/fold_20/train/parkinson/subject 23/spiral/1_subject 23_1_1.png,unknown,parkinson
TLO_folding/fold_20/train/parkinson/subject 24/spiral/1_subject 24_1_1.png,unknown,parkinson
TLO_folding/fold_20/train/parkinson/subject 24/spiral/1_subject 24_2_1.png,unknown,parkinson
TLO_folding/fold_20/train/parkinson/subject 26/spiral/1_subject 26_1_1.png,parkinson,parkinson
TLO_folding/fold_20/train/parkinson/subject 25/spiral/1_subject 25_1_1.png,parkinson,parkinson
TLO_folding/fold_20/train/parkinson/subject 30/spiral/1_subject 30_1_1.png,parkinson,parkinson
TLO_folding/fold_20/train/parkinson/subject 30/spiral/1_subject 30_2_1.png,parkinson,parkinson
TLO_folding/fold_20/train/parkinson/subject 31/spiral/1_subject 31_1_1.png,parkinson,parkinson
TLO_folding/fold_20/train/parkinson/subject 32/spiral/1_subject 32_1_1.png,unknown,parkinson
TLO_folding/fold_20/train/parkinson/subject 34/spiral/1_subject 34_1_1.png,unknown,parkinson
